name,typePackageName,typeQualifiedName,typeName,callerLabel,callerMethodQualifiedSignature,callerMethodSignature,callerBeginLine,callerBeginColumn,calleePackageName,calleeTypeQualifiedName,calleeTypeName,calleeMethodQualifiedSignature,calleeMethodSignature,calleeBeginLine,calleeBeginColumn
p01\T01.java,p01,p01.T01,T01,"p01.T01.m02(int, int)","p01.T01.m02(int, int)","m02(int, int)",8,5,java.io,java.io.PrintStream,PrintStream,java.io.PrintStream.println(int),println(int),9,9
p01\T01.java,p01,p01.T01,T01,"p01.T01.m03(double, double)","p01.T01.m03(double, double)","m03(double, double)",12,5,java.lang,java.lang.Math,Math,java.lang.Math.floor(double),floor(double),13,20
p01\T01.java,p01,p01.T01,T01,"p01.T01.m03(double, double)","p01.T01.m03(double, double)","m03(double, double)",12,5,java.lang,java.lang.Math,Math,java.lang.Math.ceil(double),ceil(double),14,20
p02\T01.java,p02,p02.T01,T01,"p02.T01.m01(double, double)","p02.T01.m01(double, double)","m01(double, double)",4,5,java.io,java.io.PrintStream,PrintStream,java.io.PrintStream.println(double),println(double),5,9
p02\T01.java,p02,p02.T01,T01,p02.T01.m02(double),p02.T01.m02(double),m02(double),8,5,java.lang,java.lang.Math,Math,java.lang.Math.floor(double),floor(double),9,16
p02\T01.java,p02,p02.T01,T01,p02.T01.m03(double),p02.T01.m03(double),m03(double),12,5,java.lang,java.lang.Math,Math,java.lang.Math.ceil(double),ceil(double),13,16
p02\T01.java,p02,p02.T01,T01,"p02.T01.m04(double, double)","p02.T01.m04(double, double)","m04(double, double)",16,5,p02,p02.T01,T01,p02.T01.m02(double),m02(double),17,20
p02\T01.java,p02,p02.T01,T01,"p02.T01.m04(double, double)","p02.T01.m04(double, double)","m04(double, double)",16,5,p02,p02.T01,T01,p02.T01.m03(double),m03(double),18,20
p02\T01.java,p02,p02.T01,T01,"p02.T01.m04(double, double)","p02.T01.m04(double, double)","m04(double, double)",16,5,p02,p02.T01,T01,"p02.T01.m01(double, double)","m01(double, double)",19,9
p02\T01.java,p02,p02.T01,T01,"p02.T01.m05(java.lang.String, java.lang.String)","p02.T01.m05(java.lang.String, java.lang.String)","m05(java.lang.String, java.lang.String)",22,5,java.lang,java.lang.Double,Double,java.lang.Double.parseDouble(java.lang.String),parseDouble(java.lang.String),23,20
p02\T01.java,p02,p02.T01,T01,"p02.T01.m05(java.lang.String, java.lang.String)","p02.T01.m05(java.lang.String, java.lang.String)","m05(java.lang.String, java.lang.String)",22,5,java.lang,java.lang.Double,Double,java.lang.Double.parseDouble(java.lang.String),parseDouble(java.lang.String),24,20
p02\T01.java,p02,p02.T01,T01,"p02.T01.m05(java.lang.String, java.lang.String)","p02.T01.m05(java.lang.String, java.lang.String)","m05(java.lang.String, java.lang.String)",22,5,p02,p02.T01,T01,"p02.T01.m04(double, double)","m04(double, double)",25,9
p03\T01.java,p03,p03.T01,T01,p03.T01 v01,,,4,5,java.lang,java.lang.Math,Math,java.lang.Math.abs(double),abs(double),4,18
p03\T01.java,p03,p03.T01,T01,p03.T01 v02,,,6,5,java.lang,java.lang.Math,Math,java.lang.Math.ceil(double),ceil(double),6,25
p03\T01.java,p03,p03.T01,T01,Initializer,,,10,5,java.lang,java.lang.Math,Math,java.lang.Math.floor(double),floor(double),11,15
p04\T01.java,p04,p04.T01,T01,p04.T01.T01(double),p04.T01.T01(double),T01(double),7,5,java.io,java.io.PrintStream,PrintStream,java.io.PrintStream.println(double),println(double),8,9
p04\T01.java,p04,p04.T01,T01,"p04.T01.m01(double, double)","p04.T01.m01(double, double)","m01(double, double)",11,5,java.lang,java.lang.Math,Math,"java.lang.Math.max(double, double)","max(double, double)",12,16
p04\T01.java,p04,p04.T01,T01,E01,,,4,5,java.lang,java.lang.Math,Math,java.lang.Math.floor(double),floor(double),4,9
p04\T01.java,p04,p04.T01,T01,E02,,,5,5,java.lang,java.lang.Math,Math,java.lang.Math.ceil(double),ceil(double),5,9
p05\T01.java,p05,p05.T01,T01,p05.T01.m01(int),p05.T01.m01(int),m01(int),4,5,java.io,java.io.PrintStream,PrintStream,java.io.PrintStream.println(int),println(int),6,13
p05\T01.java,p05,p05.T01,T01,p05.T01.m01(int),p05.T01.m01(int),m01(int),4,5,p05,p05.T01,T01,p05.T01.m02(int),m02(int),10,9
p05\T01.java,p05,p05.T01,T01,p05.T01.m02(int),p05.T01.m02(int),m02(int),13,5,p05,p05.T01,T01,p05.T01.m03(int),m03(int),14,9
p05\T01.java,p05,p05.T01,T01,p05.T01.m03(int),p05.T01.m03(int),m03(int),17,5,p05,p05.T01,T01,p05.T01.m01(int),m01(int),18,9
p06\T01.java,p06,p06.T01,T01,p06.T01.m01(int),p06.T01.m01(int),m01(int),4,5,java.io,java.io.PrintStream,PrintStream,java.io.PrintStream.println(int),println(int),6,13
p06\T01.java,p06,p06.T01,T01,p06.T01.m01(int),p06.T01.m01(int),m01(int),4,5,p06,p06.T02,T02,p06.T02.m01(int),m01(int),11,9
p06\T02.java,p06,p06.T02,T02,p06.T02.m01(int),p06.T02.m01(int),m01(int),4,5,p06,p06.T03,T03,p06.T03.m01(int),m01(int),6,9
p06\T03.java,p06,p06.T03,T03,p06.T03.m01(int),p06.T03.m01(int),m01(int),4,5,p06,p06.T01,T01,p06.T01.m01(int),m01(int),6,9
p07\T01.java,p07,p07.T01,T01,p07.T01.m01(double),p07.T01.m01(double),m01(double),4,5,java.lang,java.lang.Math,Math,java.lang.Math.floor(double),floor(double),5,20
p07\T01.java,p07,p07.T01,T01,p07.T01.m01(double),p07.T01.m01(double),m01(double),4,5,java.io,java.io.PrintStream,PrintStream,java.io.PrintStream.println(double),println(double),6,9
p07\T02.java,p07,p07.T02,T02,p07.T02.m01(double),p07.T02.m01(double),m01(double),4,5,java.lang,java.lang.Math,Math,java.lang.Math.ceil(double),ceil(double),6,20
p07\T02.java,p07,p07.T02,T02,p07.T02.m01(double),p07.T02.m01(double),m01(double),4,5,java.io,java.io.PrintStream,PrintStream,java.io.PrintStream.println(double),println(double),7,9
p07\T03.java,p07,p07.T03,T03,p07.T03.m01(double),p07.T03.m01(double),m01(double),6,5,p07,p07.T01,T01,p07.T01.m01(double),m01(double),7,9
p08\T02.java,p08,p08.T02,T02,p08.T02.m01(double),p08.T02.m01(double),m01(double),4,5,java.lang,java.lang.Math,Math,java.lang.Math.ceil(double),ceil(double),6,20
p08\T02.java,p08,p08.T02,T02,p08.T02.m01(double),p08.T02.m01(double),m01(double),4,5,java.io,java.io.PrintStream,PrintStream,java.io.PrintStream.println(double),println(double),7,9
p08\T03.java,p08,p08.T03,T03,p08.T03.m01(double),p08.T03.m01(double),m01(double),6,5,p08,p08.T01,T01,p08.T01.m01(double),m01(double),7,9
