typeQualifiedName,callerLabel,descendantMethodQualifiedSignature,route
p01.T01,"p01.T01.m02(int, int)",java.io.PrintStream.println(int),
p01.T01,"p01.T01.m03(double, double)",java.lang.Math.floor(double),
p01.T01,"p01.T01.m03(double, double)",java.lang.Math.ceil(double),
p02.T01,"p02.T01.m01(double, double)",java.io.PrintStream.println(double),
p02.T01,p02.T01.m02(double),java.lang.Math.floor(double),
p02.T01,p02.T01.m03(double),java.lang.Math.ceil(double),
p02.T01,"p02.T01.m04(double, double)",p02.T01.m02(double),
p02.T01,"p02.T01.m04(double, double)",java.lang.Math.floor(double),p02.T01.m02(double)
p02.T01,"p02.T01.m04(double, double)",p02.T01.m03(double),
p02.T01,"p02.T01.m04(double, double)",java.lang.Math.ceil(double),p02.T01.m03(double)
p02.T01,"p02.T01.m04(double, double)","p02.T01.m01(double, double)",
p02.T01,"p02.T01.m04(double, double)",java.io.PrintStream.println(double),"p02.T01.m01(double, double)"
p02.T01,"p02.T01.m05(java.lang.String, java.lang.String)",java.lang.Double.parseDouble(java.lang.String),
p02.T01,"p02.T01.m05(java.lang.String, java.lang.String)","p02.T01.m04(double, double)",
p02.T01,"p02.T01.m05(java.lang.String, java.lang.String)",p02.T01.m02(double),"p02.T01.m04(double, double)"
p02.T01,"p02.T01.m05(java.lang.String, java.lang.String)",java.lang.Math.floor(double),"p02.T01.m04(double, double) / p02.T01.m02(double)"
p02.T01,"p02.T01.m05(java.lang.String, java.lang.String)",p02.T01.m03(double),"p02.T01.m04(double, double)"
p02.T01,"p02.T01.m05(java.lang.String, java.lang.String)",java.lang.Math.ceil(double),"p02.T01.m04(double, double) / p02.T01.m03(double)"
p02.T01,"p02.T01.m05(java.lang.String, java.lang.String)","p02.T01.m01(double, double)","p02.T01.m04(double, double)"
p02.T01,"p02.T01.m05(java.lang.String, java.lang.String)",java.io.PrintStream.println(double),"p02.T01.m04(double, double) / p02.T01.m01(double, double)"
p03.T01,p03.T01 v01,java.lang.Math.abs(double),
p03.T01,p03.T01 v02,java.lang.Math.ceil(double),
p03.T01,Initializer,java.lang.Math.floor(double),
p04.T01,p04.T01.T01(double),java.io.PrintStream.println(double),
p04.T01,"p04.T01.m01(double, double)","java.lang.Math.max(double, double)",
p04.T01,E01,java.lang.Math.floor(double),
p04.T01,E02,java.lang.Math.ceil(double),
p05.T01,p05.T01.m01(int),java.io.PrintStream.println(int),
p05.T01,p05.T01.m01(int),p05.T01.m02(int),
p05.T01,p05.T01.m02(int),p05.T01.m03(int),
p05.T01,p05.T01.m01(int),p05.T01.m03(int),p05.T01.m02(int)
p05.T01,p05.T01.m03(int),p05.T01.m01(int),
p05.T01,p05.T01.m02(int),p05.T01.m01(int),p05.T01.m03(int)
p05.T01,p05.T01.m03(int),java.io.PrintStream.println(int),p05.T01.m01(int)
p05.T01,p05.T01.m02(int),java.io.PrintStream.println(int),p05.T01.m03(int) / p05.T01.m01(int)
p05.T01,p05.T01.m03(int),p05.T01.m02(int),p05.T01.m01(int)
p06.T01,p06.T01.m01(int),java.io.PrintStream.println(int),
p06.T01,p06.T01.m01(int),p06.T02.m01(int),
p06.T02,p06.T02.m01(int),p06.T03.m01(int),
p06.T01,p06.T01.m01(int),p06.T03.m01(int),p06.T02.m01(int)
p06.T03,p06.T03.m01(int),p06.T01.m01(int),
p06.T02,p06.T02.m01(int),p06.T01.m01(int),p06.T03.m01(int)
p06.T03,p06.T03.m01(int),java.io.PrintStream.println(int),p06.T01.m01(int)
p06.T02,p06.T02.m01(int),java.io.PrintStream.println(int),p06.T03.m01(int) / p06.T01.m01(int)
p06.T03,p06.T03.m01(int),p06.T02.m01(int),p06.T01.m01(int)
p07.T01,p07.T01.m01(double),java.lang.Math.floor(double),
p07.T01,p07.T01.m01(double),java.io.PrintStream.println(double),
p07.T02,p07.T02.m01(double),java.lang.Math.ceil(double),
p07.T02,p07.T02.m01(double),java.io.PrintStream.println(double),
p07.T03,p07.T03.m01(double),p07.T01.m01(double),
p07.T03,p07.T03.m01(double),java.lang.Math.floor(double),p07.T01.m01(double)
p07.T03,p07.T03.m01(double),java.io.PrintStream.println(double),p07.T01.m01(double)
p07.T03,p07.T03.m01(double),p07.T02.m01(double),
p07.T03,p07.T03.m01(double),java.lang.Math.ceil(double),p07.T02.m01(double)
p08.T02,p08.T02.m01(double),java.lang.Math.ceil(double),
p08.T02,p08.T02.m01(double),java.io.PrintStream.println(double),
p08.T03,p08.T03.m01(double),p08.T01.m01(double),
p08.T03,p08.T03.m01(double),p08.T02.m01(double),
p08.T03,p08.T03.m01(double),java.lang.Math.ceil(double),p08.T02.m01(double)
p08.T03,p08.T03.m01(double),java.io.PrintStream.println(double),p08.T02.m01(double)
